tag,count
official_alternate_costume,225665
striped_clothes,198065
rabbit_ears,189631
dark-skinned_female,146761
completely_nude,142366
black_pantyhose,141072
hand_on_own_hip,125620
loli,124937
clothing_cutout,121589
muscular,112819
upper_teeth_only,104994
colored_skin,98305
side-tie_bikini_bottom,83802
playboy_bunny,82752
white_socks,80206
female_pubic_hair,75433
muscular_male,75109
dark-skinned_male,70557
black_socks,66442
single_hair_bun,61221
grabbing_another's_breast,58320
bug,56981
red_necktie,56695
breasts_out,55592
aged_down,55292
?,53804
striped_thighhighs,51920
rabbit_tail,51013
red_bowtie,50092
^^^,46548
black_necktie,46085
covering_privates,41756
scar_on_face,41520
large_pectorals,40876
red_neckerchief,38847
white_pantyhose,38001
hand_fan,37751
clothing_aside,37048
neck_bell,36305
bikini_top_only,34879
colored_sclera,34468
blue_necktie,32614
topless_male,31321
swim_ring,30767
one-hour_drawing_challenge,29539
mature_male,29491
vertical-striped_clothes,29407
unworn_headwear,29366
brown_pantyhose,28910
black_bowtie,27993
hand_in_own_hair,27986
tanlines,27147
animal_hands,26895
abyssal_ship,26255
mini_person,25810
hands_on_own_hips,25548
furry_female,25433
blue_one-piece_swimsuit,25047
furrowed_brow,25037
aged_up,24592
mature_female,24349
female_masturbation,24265
breasts_squeezed_together,24177
rabbit,24063
official_alternate_hairstyle,23485
partially_fingerless_gloves,23421
rabbit_girl,22881
unworn_hat,22752
blue_bowtie,22618
eyebrows_hidden_by_hair,22440
hugging_object,21328
torn_pantyhose,20893
fishnet_pantyhose,20809
furry_male,20533
front-tie_bikini_top,20291
lab_coat,19971
dakimakura_(medium),19942
cum_overflow,19827
black_one-piece_swimsuit,19759
nipple_stimulation,19677
winter_uniform,18904
covering_own_mouth,18831
yellow_ascot,18730
shota,18226
long_bangs,17941
vision_(genshin_impact),17881
foot_focus,17850
straight-on,17435
white_one-piece_swimsuit,17343
tail_ornament,17264
selfie,16718
single_side_bun,16663
tracen_school_uniform,16166
body_fur,16011
reaching_towards_viewer,15994
bird_wings,15857
summer_uniform,15690
looking_ahead,15478
checkered_clothes,15373
food-themed_hair_ornament,15303
pom_pom_(cheerleading),15083
artist_logo,15046
retro_artstyle,14817
feather_hair_ornament,14590
headpat,14569
blood_on_clothes,14528
bridal_garter,14094
tube_top,14090
painting_(medium),13693
stuffed_rabbit,13566
white_fur,13469
uneven_legwear,13299
blue_halo,13257
open_cardigan,12941
two-tone_dress,12910
stretching,12867
tight_clothes,12700
blue_neckerchief,12674
ear_covers,12668
cone_hair_bun,12628
hugging_own_legs,12529
own_hands_clasped,12325
hand_on_own_head,12313
yellow_neckerchief,12250
oil-paper_umbrella,12189
hakama_short_skirt,12172
red_ascot,12149
arm_strap,12071
bare_pectorals,11946
tile_floor,11933
pink_halo,11868
unworn_eyewear,11782
torn_thighhighs,11559
animal_nose,11539
reference_sheet,11529
bat_(animal),11529
grabbing_own_breast,11480
imminent_penetration,11458
animification,11364
public_indecency,11321
long_sideburns,11313
pantyhose_under_shorts,11236
on_one_knee,11165
blunt_ends,10788
sample_watermark,10710
tail_raised,10702
ear_ornament,10536
crescent_hat_ornament,10296
cowbell,10180
split_mouth,10176
hand_on_own_thigh,10138
black_neckerchief,10123
old,10057
onee-shota,10041
fish_tail,9995
split-color_hair,9941
pectoral_cleavage,9907
holding_stuffed_toy,9869
rabbit_hair_ornament,9742
holding_another's_wrist,9710
name_connection,9680
pink_bowtie,9638
colored_tips,9622
yellow_necktie,9603
light_frown,9559
unworn_shoes,9545
goat_horns,9359
copyright_notice,9347
striped_necktie,9181
white_bowtie,9144
multicolored_jacket,8997
:/,8953
green_necktie,8924
dark_background,8914
double-parted_bangs,8912
white_ascot,8670
smoking_pipe,8649
voice_actor_connection,8587
argyle_clothes,8516
tassel_earrings,8511
drink_can,8509
black_sports_bra,8492
yellow_bowtie,8471
pink_thighhighs,8462
star_hat_ornament,8461
purple_bowtie,8421
animal_collar,8411
assertive_female,8396
striped_pantyhose,8211
aqua_necktie,8195
content_rating,8043
nervous_sweating,7962
bikini_bottom_only,7915
shark_tail,7907
red_halo,7902
red_eyeshadow,7890
miqo'te,7886
vertical-striped_thighhighs,7865
heart_brooch,7846
puff_of_air,7835
burger,7817
blue_gemstone,7778
heads_together,7741
grey_thighhighs,7737
jaggy_lines,7721
biceps,7702
yellow_halo,7632
traditional_bowtie,7617
navel_hair,7596
ear_bow,7552
unworn_panties,7541
unworn_skirt,7503
topknot,7501
white_neckerchief,7364
planted,7267
infection_monitor_(arknights),7221
:|,7210
cube_hair_ornament,7168
cross-shaped_pupils,7103
striped_bowtie,7095
artistic_error,7088
white_necktie,7082
blood_on_hands,7032
official_alternate_hair_length,6926
\m/,6904
sweater_lift,6890
tile_wall,6875
chest_harness,6690
coat_on_shoulders,6644
lower_teeth_only,6637
multiple_rings,6626
hand_on_own_ass,6565
single_mechanical_arm,6563
single_sidelock,6556
frilled_thighhighs,6524
purple_necktie,6504
two-tone_shirt,6486
sleeves_past_elbows,6441
two-tone_fur,6428
utility_pole,6380
medium_bangs,6351
food_focus,6299
striped_socks,6294
mismatched_pupils,6291
oripathy_lesion_(arknights),6259
flower-shaped_pupils,6214
see-through_shirt,6210
unworn_clothes,6204
lapels,6198
brown_fur,6154
holding_removed_eyewear,6149
print_pantyhose,6147
grey_pantyhose,6124
gradient_eyes,6117
cow_print_bikini,6114
bra_visible_through_clothes,6106
chest_sarashi,6067
animal_ear_headphones,6049
swivel_chair,6029
green_bowtie,5983
bird_ears,5947
squatting_cowgirl_position,5894
shark_girl,5876
energy,5857
arthropod_girl,5848
obijime,5834
mixed-sex_bathing,5830
fur-trimmed_headwear,5830
strap_pull,5826
pink_necktie,5800
toeless_footwear,5797
blue_socks,5750
frilled_hat,5727
open_hands,5722
orange_(fruit),5708
heart-shaped_chocolate,5627
black_cloak,5610
cable_knit,5589
slime_(substance),5556
low_twin_braids,5536
print_thighhighs,5527
winter_coat,5519
serval_print,5512
see-through_cleavage,5493
two-tone_jacket,5478
torn_dress,5397
black_ascot,5391
red_gemstone,5356
unworn_jacket,5338
bikini_bottom_aside,5336
blood_on_weapon,5307
arm_hair,5299
pink_neckerchief,5280
yellow_fur,5235
one-piece_swimsuit_pull,5232
forked_eyebrows,5227
baggy_pants,5225
unworn_mask,5210
bandaged_hand,5202
frilled_hair_tubes,5180
scar_on_chest,5159
digimon_(creature),5145
roswaal_mansion_maid_uniform,5137
footwear_bow,5112
body_markings,5081
elbow_rest,5076
lightning_bolt_symbol,5075
hands_in_hair,5042
unconventional_maid,5031
brown_bag,5027
weibo_username,5026
towel_on_head,5009
furry_with_non-furry,5004
orange_bowtie,4977
looking_at_object,4968
bow-shaped_hair,4948
holding_own_arm,4851
linea_alba,4843
multiple_horns,4828
midair,4810
hairy,4805
long_eyelashes,4797
winged_arms,4789
blue_ascot,4768
leaning_on_person,4763
flight_deck,4757
2021,4746
unsheathed,4731
arm_around_shoulder,4724
v-fin,4722
2022,4707
hand_on_own_arm,4705
crescent_pin,4699
earclip,4693
earpiece,4689
white_robe,4678
tiger_girl,4671
mobile_suit,4662
purple_pantyhose,4659
white_horns,4659
frilled_pillow,4633
torn_skirt,4619
two-tone_gloves,4609
black_fur,4595
black_bag,4563
kissing_cheek,4559
scar_on_arm,4557
2023,4544
ribbon-trimmed_legwear,4541
defloration,4541
hooded_capelet,4538
small_horns,4517
demon_slayer_uniform,4499
arm_rest,4494
striped_jacket,4485
holding_pom_poms,4475
improvised_gag,4460
white_feathers,4452
dangle_earrings,4414
bike_shorts_under_skirt,4394
dog_boy,4380
earth_(planet),4374
partially_undressed,4347
bikini_top_lift,4347
lion_girl,4315
spacecraft,4272
folded_fan,4270
idol_clothes,4263
orange_necktie,4262
christmas_ornaments,4259
biting_own_lip,4251
text_background,4242
beak,4237
still_life,4229
multiple_belts,4228
bandaid_on_cheek,4203
hand_under_clothes,4189
goth_fashion,4186
scar_on_nose,4175
taur,4162
employee_uniform,4158
prosthetic_arm,4145
jacket_partially_removed,4130
asymmetrical_footwear,4124
green_gemstone,4113
contrail,4066
on_grass,4060
seagull,4058
unworn_bra,4053
holding_another's_arm,4047
milestone_celebration,4045
blue_pantyhose,4041
animal_feet,4030
two-tone_skirt,4029
wing_hair_ornament,4026
cowlick,4025
median_furrow,4016
tail_through_clothes,3990
presenting_armpit,3976
fairy_(sao),3962
alternate_universe,3961
pokephilia,3955
gloved_handjob,3954
banner,3926
obiage,3923
frilled_one-piece_swimsuit,3923
braided_hair_rings,3917
non-humanoid_robot,3917
rectangular_eyewear,3910
aqua_bowtie,3895
american_flag_legwear,3867
ejaculating_while_penetrated,3841
ear_ribbon,3837
barbell_piercing,3836
laevatein_(touhou),3820
layered_clothes,3806
white_wrist_cuffs,3759
animal_penis,3738
throwing,3733
bar_(place),3731
hand_on_another's_arm,3725
chips_(food),3723
diagonal-striped_clothes,3718
neck_tattoo,3708
open_dress,3700
au_ra,3697
weibo_logo,3687
red_eyeliner,3670
hand_on_another's_back,3665
holding_drink,3664
wiffle_gag,3659
american_flag_dress,3609
diamond_button,3606
print_bowtie,3606
okobo,3582
two-tone_swimsuit,3574
yoga_pants,3570
yellow_cardigan,3563
wolf_boy,3561
doorway,3555
black_robe,3554
horseshoe_ornament,3554
??,3553
rabbit_pose,3550
sidelighting,3549
basketball_(object),3549
hallway,3547
holding_smoking_pipe,3545
carrying_person,3529
santa_dress,3520
high-waist_shorts,3518
green_thighhighs,3516
black_mask,3513
rabbit_hood,3509
lifting_another's_clothes,3508
excalibur_(fate/stay_night),3507
grey_sky,3489
rabbit_print,3487
dragon_print,3477
sleeveless_sweater,3470
stuffed_cat,3469
black_lips,3468
grey_socks,3465
qingdai_guanmao,3461
hand_on_another's_hip,3450
fox_boy,3447
medal,3444
animal_ear_piercing,3434
shark_hair_ornament,3434
colored_tongue,3433
bird_girl,3431
flower_pot,3420
gold_earrings,3419
two-tone_bikini,3417
tassel_hair_ornament,3413
chained,3411
in_tree,3410
food_on_head,3405
mandarin_collar,3404
feather_hair,3403
finger_to_cheek,3400
2020,3391
scene_reference,3380
grey_horns,3371
plum_blossoms,3370
red_pantyhose,3360
white_cloak,3357
greyscale_with_colored_background,3354
yellow_pupils,3351
drill_sidelocks,3347
winged_hat,3331
licking_finger,3330
obliques,3323
cross_scar,3310
twitter_logo,3307
see-through_dress,3306
eye_mask,3303
holding_controller,3297
parted_hair,3271
squirrel_girl,3270
white_sports_bra,3268
dot_mouth,3260
police_hat,3258
cellphone_photo,3254
diagonal-striped_bow,3254
blue_fur,3248
covering_own_eyes,3244
heart-shaped_pillow,3240
small_penis,3239
hugging_doll,3239
unworn_helmet,3239
multi-strapped_bikini_bottom,3239
energy_wings,3236
multicolored_swimsuit,3233
hand_on_another's_thigh,3230
covered_abs,3220
blue_overalls,3219
head-mounted_display,3209
beard_stubble,3201
jirai_kei,3185
black_corset,3183
jackal_ears,3174
bento,3172
evolutionary_line,3172
hand_grab,3171
gae_bolg_(fate),3164
high_side_ponytail,3160
red_socks,3156
blue_lips,3156
feather_trim,3144
turtle_shell,3136
shoulder_spikes,3122
o-ring_choker,3118
scar_on_forehead,3115
shared_clothes,3112
holding_leash,3108
gekkoukan_high_school_uniform,3108
chinese_knot,3099
diamond-shaped_pupils,3095
instant_loss,3082
holding_hammer,3080
unworn_shirt,3080
cum_on_male,3076
torn_cape,3073
cooperative_fellatio,3063
matching_outfits,3060
red_armband,3055
flame-tipped_tail,3052
strapless_shirt,3050
turning_head,3047
tiger_boy,3047
hair_horns,3046
pawpads,3045
shimakaze_(kancolle)_(cosplay),3039
patterned_background,3030
asticassia_school_uniform,3024
skin_fangs,3018
deer_ears,3015
uneven_gloves,3013
club_(weapon),3010
medium_dress,3008
looking_over_eyewear,3004
foot_up,2995
flower_wreath,2990
clothes_in_mouth,2989
blue_apron,2982
chest_belt,2982
year_of_the_tiger,2982
year_of_the_rabbit,2972
feather_earrings,2962
santa_bikini,2956
brown_sweater_vest,2952
loose_hair_strand,2946
people,2928
brown_capelet,2927
pom_pom_hair_ornament,2918
looking_at_animal,2910
magazine_(object),2905
twitching_penis,2901
head_grab,2900
glitch,2900
grey_fur,2899
arch,2895
single_ear_cover,2883
thick_arms,2874
fur_scarf,2865
narrowed_eyes,2851
patterned_clothing,2840
very_sweaty,2840
kabedon,2834
roman_numeral,2831
\||/,2826
2019,2826
high-waist_pants,2823
chain_leash,2812
crossed_bandaids,2812
borrowed_clothes,2802
diagonal-striped_necktie,2793
black_leggings,2791
2018,2787
tied_up_(nonsexual),2785
bread_slice,2785
averting_eyes,2779
dreadlocks,2777
red_hoodie,2767
drawing_(object),2766
character_hair_ornament,2762
mechanical_horns,2762
humanoid_robot,2760
pulling_another's_clothes,2757
grey-framed_eyewear,2756
lights,2752
sun_symbol,2752
see-through_legwear,2750
facing_to_the_side,2749
uneven_sleeves,2748
star_halo,2744
white_male_underwear,2741
turtleneck_dress,2728
ankle_cuffs,2721
untied_panties,2719
striped_horns,2718
aqua_bikini,2718
multiple_moles,2717
holding_handheld_game_console,2716
reference_inset,2715
year_of_the_ox,2712
curtained_hair,2710
red_bag,2702
green_lips,2701
kitauji_high_school_uniform,2701
black_sash,2698
slime_(creature),2697
false_smile,2696
buzz_cut,2687
holding_clipboard,2686
playing_with_own_hair,2680
very_long_sleeves,2678
naked_jacket,2665
red_one-piece_swimsuit,2663
dragon_boy,2663
ribbed_legwear,2654
notched_lapels,2650
bound_ankles,2649
green_hoodie,2639
white_sash,2637
2016,2629
magatama_necklace,2628
egg_(food),2626
single_pauldron,2625
short_bangs,2619
reflective_water,2614
mixed-language_text,2613
orange-tinted_eyewear,2611
cracked_skin,2610
finger_to_own_chin,2607
furry_with_furry,2602
confused,2601
hand_on_own_leg,2599
legwear_garter,2589
traditional_nun,2584
balcony,2577
cheating_(relationship),2556
hyur,2555
after_ejaculation,2551
pendant_choker,2550
2017,2547
pink_bag,2539
worried,2538
nontraditional_playboy_bunny,2537
2015,2532
shuuchiin_academy_school_uniform,2532
hands_on_another's_head,2527
holding_lantern,2522
two-sided_cape,2519
dynamax_band,2516
fewer_digits,2512
cosmetics,2511
assault_visor,2508
shark_hood,2505
plaid_bowtie,2501
glowing_sword,2500
holding_stick,2498
panty_straps,2498
fake_phone_screenshot,2497
curtain_grab,2489
black_wristband,2484
censored_nipples,2476
champion's_tunic_(zelda),2464
spread_wings,2461
latex_bodysuit,2461
skull_mask,2459
grey_kimono,2455
vertical-striped_pantyhose,2454
little_busters!_school_uniform,2452
finger_in_own_mouth,2447
sleeping_on_person,2432
hand_on_another's_ass,2431
fanbox_username,2429
tactical_clothes,2427
licking_nipple,2425
video_camera,2422
tall_female,2422
bisexual_female,2415
spiked_armlet,2411
traditional_youkai,2404
millennium_cheerleader_outfit_(blue_archive),2400
see-through_leotard,2399
green_neckerchief,2397
industrial_pipe,2397
o-ring_thigh_strap,2396
frilled_socks,2384
cone_horns,2381
grey_necktie,2379
breast_curtain,2378
holstered,2374
head_on_pillow,2367
blue_sash,2364
two-sided_jacket,2363
pink_pupils,2361
plaid_necktie,2359
hair_through_headwear,2354
backless_leotard,2351
holding_swim_ring,2344
multiple_condoms,2343
loose_clothes,2337
mechanical_tail,2336
tokusatsu,2332
stomach_cutout,2324
cropped_shoulders,2319
black_male_underwear,2315
patchwork_skin,2312
emoji,2305
nijigasaki_academy_school_uniform,2305
constellation_print,2289
floating_clothes,2282
see-through_skirt,2282
black_pubic_hair,2281
tracen_training_uniform,2280
blue_eyeshadow,2279
handsfree_ejaculation,2277
puckered_anus,2277
open_pants,2273
fishnet_top,2273
cum_on_penis,2273
inverted_bob,2272
drop_earrings,2271
sleeve_garter,2265
veiny_breasts,2265
heart_o-ring,2265
two-tone_ribbon,2263
chest_strap,2262
kalashnikov_rifle,2262
face_to_breasts,2261
tight_shirt,2259
brown_necktie,2257
crazy_smile,2252
gold_hairband,2248
yellow_hoodie,2246
eye_focus,2243
white_bag,2242
red-tinted_eyewear,2242
deviantart_username,2240
eyebrow_cut,2240
animal_ear_headwear,2239
collared_coat,2238
goat_ears,2237
collared_cape,2235
sports_car,2232
grey_scarf,2230
grey_border,2230
single_hair_ring,2230
birdcage,2228
yellow_thighhighs,2227
green_sleeves,2225
orange_fur,2222
window_blinds,2221
leopard_ears,2213
purple_gemstone,2210
futanari_masturbation,2209
scar_on_neck,2208
clover_print,2205
lycoris_uniform,2202
holding_game_controller,2200
pink_socks,2198
black_buruma,2197
greatsword,2189
sideways,2182
pixiv_id,2181
multicolored_fur,2179
neon_lights,2176
green_apron,2174
park_bench,2174
brushing_hair,2171
eyebrow_piercing,2167
gold_necklace,2163
bird_legs,2158
polka_dot_dress,2156
puffy_pants,2154
plaid_headwear,2152
space_helmet,2152
white_tail,2151
blood_from_eyes,2143
fiery_hair,2143
sidepec,2143
red_fur,2141
leather_belt,2139
green_halo,2134
claw_ring,2129
dyed_bangs,2120
two-tone_eyes,2117
wrinkled_skin,2115
fake_antlers,2115
frilled_cuffs,2114
scissor_blade_(kill_la_kill),2113
two-tone_bowtie,2111
palm_leaf,2109
pink_blood,2107
holding_brush,2105
against_tree,2101
black_halo,2100
checkered_necktie,2098
on_bench,2096
upturned_eyes,2096
jack-o'_challenge,2094
e.g.o_(project_moon),2091
bear_girl,2087
fur-trimmed_cloak,2085
electrokinesis,2084
fangs_out,2081
gold_bracelet,2081
black_undershirt,2078
incoming_attack,2075
poke_ball_symbol,2072
pink_fur,2072
cum_on_legs,2071
shortstack,2066
holding_baseball_bat,2064
hand_on_eyewear,2063
fertilization,2062
orange_thighhighs,2059
sitting_in_tree,2056
thigh_cutout,2055
knees_apart_feet_together,2048
ribbon-trimmed_clothes,2047
blue_bag,2044
purple_belt,2041
leg_hold,2040
wooden_table,2040
x-shaped_pupils,2039
red_bandana,2037
spoken_character,2034
looking_at_mirror,2032
halloween_bucket,2032
blue_collar,2029
white_veil,2025
belt_bra,2023
yellow_armband,2023
flower_ornament,2018
shoulder_boards,2011
fish_(food),2008
blowing_kiss,2005
multicolored_shirt,1999
cooking_pot,1999
viera,1998
pillbox_hat,1997
penis_out,1995
brown_socks,1995
single_fingerless_glove,1993
yellow_horns,1990
yellow_belt,1987
homurahara_academy_school_uniform,1983
stuffed_shark,1979
veiny_arms,1977
unworn_bikini_top,1972
against_railing,1969
pyrokinesis,1969
chocolate_on_body,1967
truck,1964
pectoral_grab,1963
redesign,1962
2024,1961
hair_ears,1960
shower_(place),1959
bow_earrings,1959
fur-trimmed_kimono,1958
very_long_fingernails,1958
cropped_hoodie,1958
bandaid_on_hand,1954
onee-loli,1953
doughnut_hair_bun,1951
sticker_on_face,1951
pink_pajamas,1948
wooden_fence,1946
bandaged_neck,1945
crescent_facial_mark,1942
heart_balloon,1941
x,1939
blue_cloak,1937
stitched_face,1937
sparse_pubic_hair,1934
hand_on_another's_waist,1932
behind_another,1928
sweatpants,1927
shoulder_strap,1927
sitting_on_stairs,1925
eyewear_on_headwear,1925
sunburst_background,1923
cowboy_western,1922
brown_horns,1922
grabbing_another's_chin,1920
respirator,1918
unworn_boots,1918
torpedo_tubes,1914
male_playboy_bunny,1902
bow_(music),1899
thigh_belt,1898
bulletproof_vest,1897
nipple_bar,1894
kibito_high_school_uniform,1893
purple_capelet,1892
yellow_bag,1891
instagram_username,1890
3others,1889
index_fingers_together,1888
furrification,1888
bodice,1885
nike_(company),1884
pink_eyeshadow,1882
palette_(object),1880
blue_sclera,1877
imminent_fellatio,1875
pink_belt,1874
reindeer_costume,1873
ribbon-trimmed_collar,1870
hakama_pants,1867
snap-fit_buckle,1864
head_on_another's_shoulder,1861
pink_one-piece_swimsuit,1860
magatama_earrings,1860
stadium,1859
hand_on_another's_neck,1858
holding_balloon,1858
blue-tinted_eyewear,1857
moon_(ornament),1856
buttoned_cuffs,1855
cow_boy,1855
torn,1853
psychic,1853
hair_in_own_mouth,1849
viewer_holding_leash,1848
banknote,1844
stone_floor,1838
purple_eyeshadow,1837
yellow_sash,1836
penis_size_difference,1836
painting_(action),1829
partially_underwater_shot,1826
holding_scissors,1826
tail_wrap,1821
brown_cloak,1821
cum_on_hands,1820
body_freckles,1820
utaite,1820
overcast,1819
rainbow_gradient,1818
chibi_only,1817
sitting_on_object,1817
pussy_piercing,1817
hickey,1814
ace_(playing_card),1811
multicolored_bow,1810
mole_on_ass,1808
romper,1806
diamond_cutout,1805
large_testicles,1803
kissing_forehead,1801
prosthetic_leg,1797
gold_bikini,1795
grey_belt,1794
black_garter_straps,1793
heel_up,1789
triangle_earrings,1789
bow_choker,1786
platform_heels,1786
delinquent,1785
dress_flower,1784
animal_bag,1783
rabbit_boy,1783
mechanical_hands,1783
green_flower,1782
disgust,1782
6+others,1776
hooded_robe,1773
group_picture,1772
purple-tinted_eyewear,1768
yellow_pants,1766
purple_fur,1766
straddling_paizuri,1766
unusually_open_eyes,1765
heart_button,1765
ammunition_pouch,1761
lettuce,1759
bruise_on_face,1757
sleeveless_turtleneck_leotard,1756
plaid_jacket,1756
orange_neckerchief,1752
stroking_own_chin,1752
multicolored_horns,1751
grid_background,1748
drinking_straw_in_mouth,1748
diving_suit,1748
sakuramon,1748
holding_water_gun,1747
pixiv_username,1747
arm_between_breasts,1746
two-tone_headwear,1746
brown_bowtie,1746
user_interface,1741
leg_armor,1738
panda_ears,1738
frilled_shorts,1735
stab,1734
tricorne,1732
fortissimo,1732
cloth_gag,1727
shirt_in_mouth,1721
in-franchise_crossover,1716
purple_tail,1712
juice,1711
multicolored_coat,1709
team_rocket_uniform,1709
colored_shoe_soles,1707
neck_fur,1706
earth_(ornament),1706
gym,1702
sparkler,1702
light_blue_background,1702
berry,1702
mustache_stubble,1702
3d_background,1701
greco-roman_clothes,1701
butterfly_on_hand,1701
turtleneck_leotard,1699
stone_wall,1695
gradient_clothes,1693
blank_censor,1693
blue_feathers,1693
cupping_hands,1692
horse_penis,1691
sleep_mask,1691
unworn_bag,1689
back_focus,1685
year_of_the_dragon,1685
gold_choker,1680
open_robe,1678
multiple_piercings,1676
icho_private_high_school_uniform,1676
ginkgo_leaf,1674
chainmail,1671
2014,1670
object_through_head,1669
scar_on_stomach,1668
strongman_waist,1667
loose_bowtie,1665
cooperative_paizuri,1662
blue_tongue,1659
blue_pupils,1658
tropical_fish,1658
unworn_sandals,1656
yellow_coat,1654
white_armor,1654
forked_tongue,1653
eyewear_strap,1653
a_certain_high_school_uniform,1651
transparent_wings,1649
falling_feathers,1647
gun_sling,1646
shimaidon_(sex),1645
pink_pantyhose,1644
purple_horns,1644
pointy_nose,1643
phoenix_crown,1641
artificial_eye,1638
unworn_gloves,1636
hand_on_own_shoulder,1635
cum_on_feet,1634
volleyball_(object),1632
full-body_tattoo,1630
guiding_hand,1629
deerstalker,1629
red_apron,1629
large_hands,1628
striped_headwear,1628
star_facial_mark,1627
hair_flowing_over,1627
broken_chain,1626
grey_sports_bra,1626
orange_pants,1625
digitigrade,1625
goat_girl,1625
tulip_hat,1625
kitchen_knife,1620
blunt_tresses,1618
orange_pantyhose,1615
off-shoulder_bikini,1615
aqua_headwear,1614
wrist_guards,1613
grey_bra,1612
arched_bangs,1612
broken_halo,1609
undressing_another,1607
mechanical_ears,1604
inverted_cross,1603
brown_wings,1603
masturbation_through_clothes,1602
wiping_face,1602
black_garter_belt,1601
tail_piercing,1601
shards,1597
purple_one-piece_swimsuit,1595
green_capelet,1593
holding_fishing_rod,1592
grey_halo,1591
two-tone_footwear,1590
walkie-talkie,1589
no_eyebrows,1588
gem_(symbol),1587
circled_9,1584
key_necklace,1584
notched_ear,1584
brown_apron,1582
pink-tinted_eyewear,1580
fiery_horns,1580
palms_together,1579
visor_(armor),1578
holding_cane,1578
uneven_horns,1577
crescent_print,1573
school_emblem,1573
mask_around_neck,1572
grey_nails,1571
brown_hoodie,1571
print_jacket,1570
jaguar_ears,1570
open_belt,1569
breast_focus,1568
tiger_stripes,1568
sidecut,1568
round_image,1567
finger_to_face,1567
fishnet_gloves,1566
playstation_controller,1558
two-tone_bodysuit,1558
purple_halo,1556
holding_vegetable,1549
purple_hoodie,1549
sunflower_field,1548
animal_ear_legwear,1547
holding_hose,1546
school_briefcase,1545
sphere_earrings,1544
bat_girl,1544
hoop_piercing,1544
vibrator_cord,1541
low_neckline,1540
green_bag,1539
pastel_colors,1536
triangle_print,1535
boxer_briefs,1533
imminent_anal,1532
candy_hair_ornament,1531
2013,1531
\o/,1528
sleeveless_coat,1528
unworn_socks,1527
gradient_legwear,1526
holding_jacket,1525
mismatched_sleeves,1522
teardrop_facial_mark,1520
single_stripe,1518
orange_ascot,1518
tooth_necklace,1517
salaryman,1517
photo_inset,1516
after_rape,1516
torpedo_launcher,1515
yo-yo,1511
cheek_press,1509
purple_neckerchief,1509
daruma_doll,1509
double_fox_shadow_puppet,1507
basketball_uniform,1505
purple_fire,1505
sideless_shirt,1505
goatee_stubble,1504
hand_tattoo,1504
camouflage_jacket,1502
combat_helmet,1501
holding_own_tail,1500
grey_neckerchief,1499
brushing_another's_hair,1496
single_horizontal_stripe,1494
2012,1494
dark_halo,1493
excited,1491
ruffling_hair,1490
accidental_exposure,1489
white_bird,1489
gradient_dress,1488
triangle_hair_ornament,1488
blood_on_knife,1485
food-themed_clothes,1483
mechanical_eye,1483
industrial_piercing,1483
flower_tattoo,1482
cheek_squash,1480
kouhaku_nawa,1480
spiked_choker,1480
aroused,1479
sword_on_back,1478
pointing_at_another,1477
arrow_through_heart,1474
scar_on_leg,1474
hedgehog,1474
wiping_sweat,1473
mithra_(ff11),1472
lava,1472
sobu_high_school_uniform,1472
chewing,1470
huge_bow,1470
lalafell,1470
robot_girl,1469
aqua_jacket,1469
multiple_drawing_challenge,1469
sig_sauer,1466
circle_skirt,1466
sleeve_bow,1466
plume,1466
2010,1465
pearl_bracelet,1462
orange_hoodie,1462
hooded_cardigan,1460
licking_another's_face,1459
gibson_les_paul,1457
pink_capelet,1457
hydrokinesis,1457
yurigaoka_girls_academy_school_uniform,1457
red_apple,1456
ear_wiggle,1455
two-tone_sports_bra,1455
linear_hatching,1454
utensil_in_mouth,1454
rabbit-shaped_pupils,1454
hand_on_lap,1451
yin_yang_orb,1450
historical_name_connection,1449
dice_hair_ornament,1448
ninja_mask,1445
overall_shorts,1445
holding_ladle,1445
sweaty_clothes,1445
shorts_under_dress,1445
fur-trimmed_footwear,1444
streamers,1444
shiny_legwear,1444
eden_academy_school_uniform,1442
eyewear_hang,1441
star_brooch,1440
kirin_(armor),1440
short_sidetail,1437
ribbon-trimmed_dress,1436
same-sex_bathing,1435
prehensile_tail,1435
multicolored_headwear,1435
unamused,1434
oversized_food,1432
furigana,1431
campfire,1430
puppet_strings,1429
futa_on_male,1428
solid_eyes,1427
crime_prevention_buzzer,1426
thick_lips,1425
covered_penis,1425
spooning,1424
compass_rose_halo,1424
cross_tie,1422
camouflage_pants,1418
brown_tail,1417
dildo_riding,1414
2011,1413
food-themed_earrings,1412
2000s_(style),1411
white_umbrella,1411
holding_ice_cream,1411
green_socks,1410
cumulonimbus_cloud,1410
big_nose,1408
mole_above_mouth,1407
riding_pokemon,1407
monster_energy,1406
two-tone_bow,1403
trash_bag,1403
headlamp,1403
sword_behind_back,1401
multiple_swords,1399
grey_bodysuit,1398
fur-trimmed_shorts,1397
frilled_leotard,1397
jingasa,1397
hand_on_another's_leg,1396
hands_on_own_ass,1394
brown_corset,1394
bird_mask,1394
nostrils,1393
foliage,1392
tarot_(medium),1391
sitting_on_bench,1391
shirt_grab,1391
denim_jacket,1391
neck_tassel,1391
lion_boy,1389
cum_in_clothes,1388
gradient_skin,1386
holding_gohei,1382
sailor_moon_redraw_challenge_(meme),1382
blood_in_hair,1381
white_snake,1380
polka_dot_headwear,1380
white_garter_straps,1378
voice_actor,1377
frilled_ascot,1377
pine_tree,1377
colored_shadow,1377
tentacle_pit,1377
yellow_sleeves,1375
shark_costume,1375
hand_on_own_neck,1374
concert,1374
no_sclera,1374
cutout_above_navel,1373
portrait_(object),1371
clapping,1368
exhausted,1366
two-tone_legwear,1365
elezen,1365
adapted_turret,1364
high-waist_pantyhose,1363
mummy_costume,1363
orange_sweater,1362
glowing_wings,1361
torn_jacket,1361
scarf_over_mouth,1357
lace_choker,1357
collared_vest,1357
paw_print_background,1356
tall,1353
tented_shirt,1353
ghost_costume,1353
ballet,1352
saw,1351
penis_peek,1351
tokyo-3_middle_school_uniform,1350
double_w,1350
calico,1349
holding_another's_hair,1349
mouth_pull,1348
bicorne,1348
holding_saucer,1347
multicolored_footwear,1345
rolling_suitcase,1342
pink_border,1341
detective,1341
painterly,1340
multicolored_kimono,1338
drawing_sword,1338
star_tattoo,1337
pixiv_logo,1337
vampire_costume,1337
kurokote,1333
orange_skin,1333
brown_leotard,1332
pink_ascot,1331
breast_cutout,1331
two-tone_leotard,1330
eye_trail,1330
holding_violin,1329
stole,1329
cetacean_tail,1328
holding_envelope,1326
deer_antlers,1326
sparkle_print,1325
frog_print,1324
yellow_butterfly,1323
glowing_hair,1323
battery_indicator,1323
pink_camisole,1321
androgyne_symbol,1321
smokestack_hair_ornament,1321
lapel_pin,1318
crocodilian_tail,1318
looking_outside,1317
long_tail,1317
just_the_tip,1316
blue_brooch,1316
candy_wrapper,1315
outstretched_leg,1314
santa_gloves,1314
kodona,1313
pearl_earrings,1310
blue_border,1308
glowing_horns,1308
boobplate,1307
sperm_cell,1307
instagram_logo,1305
heart_collar,1303
arm_armor,1300
puffy_cheeks,1300
red_tail,1299
excalibur_morgan_(fate),1299
purple_socks,1298
white_mask,1298
fourth_east_high_school_uniform,1297
holding_legs,1296
dialogue_box,1293
surrounded_by_penises,1293
pouring_onto_self,1292
egg_hair_ornament,1292
haniwa_(statue),1290
kamiyama_high_school_uniform_(hyouka),1290
art_tools_in_frame,1289
baggy_clothes,1287
bad_food,1286
bo_staff,1285
yellow_cape,1284
sidewalk,1284
tail_ring,1283
implied_yaoi,1283
washing_machine,1281
holding_bucket,1279
analog_clock,1278
mecha_focus,1278
eyelid_pull,1278
bar_stool,1276
lace_gloves,1275
side_drill,1275
cropped_arms,1275
blue_tail,1274
sideburns_stubble,1274
tube_dress,1274
blue_sports_bra,1274
presenting_foot,1274
naranja_academy_school_uniform,1274
scar_on_mouth,1273
huge_eyebrows,1273
nejiri_hachimaki,1272
lord_camelot_(fate),1272
brown_nails,1271
manga_cover,1270
hair_wings,1270
bilingual,1269
covering_one_eye,1269
thick_eyelashes,1268
poster_(medium),1267
penises_touching,1267
champion_uniform,1267
glowing_butterfly,1266
shuujin_academy_school_uniform,1265
thighhighs_over_pantyhose,1264
in_water,1264
red_oni,1264
star_sticker,1263
grey_tail,1262
fur_cape,1262
flaming_weapon,1261
grey_capelet,1261
choppy_bangs,1260
crayon,1259
stained_panties,1259
aviator_sunglasses,1258
no_tail,1257
pink_tail,1256
owl_ears,1256
blue_robe,1254
pointy_breasts,1253
prison_clothes,1252
aqua_footwear,1249
jimiko,1249
2009,1248
pinstripe_shirt,1247
box_of_chocolates,1246
evangelion_(mecha),1244
full_beard,1244
zun_(style),1243
griffin_&_kryuger_military_uniform,1242
bandaid_hair_ornament,1242
they_had_lots_of_sex_afterwards_(meme),1241
pinwheel,1240
yellow_sky,1239
chinese_new_year,1239
huge_moon,1238
loose_shirt,1238
footwear_ribbon,1235
pencil_case,1235
pov_doorway,1233
mage_staff,1233
white_butterfly,1232
grey_hairband,1232
teacher_and_student,1232
ornate_ring,1232
ass_ripple,1232
coin_hair_ornament,1231
holding_tablet_pc,1230
hair_lift,1229
bucket_hat,1228
curled_fingers,1227
musou_isshin_(genshin_impact),1227
gold_footwear,1225
tutu,1224
holding_popsicle,1224
between_pectorals,1224
orange_vest,1222
kikumon,1222
alpaca_ears,1222
colored_nipples,1221
blending,1220
arthropod_limbs,1220
holding_ribbon,1219
yellow_tail,1218
floating_scarf,1218
mole_on_cheek,1216
crotch_cutout,1216
low-tied_sidelocks,1215
sheikah,1215
single_epaulette,1215
heart_facial_mark,1214
cropped_sweater,1213
human_scabbard,1213
pikmin_(creature),1212
weasel_ears,1212
livestream,1211
napkin,1210
wrist_bow,1210
grey_wings,1209
pizza_slice,1209
under_tree,1207
brown_sleeves,1207
wall_clock,1205
undead,1205
swimsuit_cover-up,1205
green_fur,1204
kissing_hand,1203
energy_drink,1203
white_hood,1202
brown_choker,1202
tracen_swimsuit,1202
pink_sky,1201
uncommon_stimulation,1198
rectangular_mouth,1197
gladiator_sandals,1197
mole_on_stomach,1196
pursed_lips,1195
nata_(tool),1195
red_tank_top,1195
blue_tunic,1195
print_shorts,1193
deer_girl,1189
single_wrist_cuff,1188
kepi,1188
barbed_wire,1187
white_headdress,1187
hand_to_head,1187
wet_dress,1186
jujutsu_tech_uniform,1185
cum_on_pectorals,1183
cursive,1181
orange_sleeves,1181
brown_collar,1181
two-tone_cape,1181
rising_sun_flag,1180
hooded_bodysuit,1180
red_mask,1179
galaxy_expedition_team_survey_corps_uniform,1179
child's_drawing,1176
floating_cape,1176
body_armor,1176
red_mittens,1175
green_tail,1172
purple_sash,1172
satin,1172
alice_(alice_in_wonderland)_(cosplay),1172
cat_ear_legwear,1172
squinting,1171
white_mittens,1169
knotted_penis,1168
blind,1168
grey_cape,1168
frilled_sailor_collar,1168
side_slit_shorts,1166
wing_ornament,1166
mash_kyrielight_(dangerous_beast)_(cosplay),1166
head_on_hand,1165
duel_academy_uniform_(yu-gi-oh!_gx),1165
race_vehicle,1165
pants_tucked_in,1165
condom_belt,1165
mismatched_eyebrows,1164
patterned,1164
bullet_hole,1164
ice_skates,1164
cross_choker,1164
black_sweater_vest,1164
arms_around_waist,1163
pickaxe,1162
dumpling,1162
possessed,1161
rider_belt,1161
broken_heart,1160
girthy_penis,1158
yellow_socks,1156
alternate_muscle_size,1156
uva_academy_school_uniform,1156
fold-over_boots,1155
leg_wrap,1154
mochi_trail,1150
gills,1149
sleeve_ribbon,1149
gerudo,1149
blood_on_arm,1149
tied_jacket,1149
breastfeeding,1148
cum_in_nose,1147
blue_tank_top,1147
two-sided_dress,1147
holding_beachball,1146
checkered_flag,1146
ojou-sama_pose,1145
jockstrap,1145
multiple_weapons,1144
astronaut,1143
struggling,1143
wooden_chair,1142
elbows_on_table,1141
yuigaoka_school_uniform,1141
robot_animal,1139
tight_dress,1138
no_jacket,1137
holding_jewelry,1136
condom_box,1135
frilled_camisole,1135
unworn_coat,1134
toe_ring,1133
see-through_jacket,1133
pink_cape,1133
horn_ring,1132
stuffed_winged_unicorn,1132
unworn_backpack,1131
ancient_greek_clothes,1131
hedgehog_ears,1131
holding_megaphone,1130
string_bra,1130
huge_testicles,1128
flower_on_head,1126
papers,1126
pigeon,1126
unworn_dress,1125
vibrator_on_nipple,1123
holding_letter,1123
hand_on_forehead,1122
open_bodysuit,1120
holding_behind_back,1120
holding_chocolate,1120
cracked_wall,1120
studded_bracelet,1120
animal_skull,1118
aqua_gloves,1117
pancake_stack,1116
leash_pull,1114
shuka_high_school_uniform,1114
buster_sword,1113
multicolored_scarf,1113
hands_on_own_breasts,1112
tentacles_on_male,1112
shaking,1112
spray_can,1112
levitation,1111
fish_boy,1111
head_chain,1109
chicken_(food),1108
bud,1108
yellow_tank_top,1107
polka_dot_skirt,1107
orange_tail,1106
chalice,1106
adidas,1106
post-apocalypse,1105
vertical-striped_jacket,1105
leather_pants,1103
hard_hat,1103
electrical_outlet,1103
cardigan_around_waist,1103
torn_bodystocking,1102
\n/,1101
shoulder_cannon,1101
lattice,1100
purple_ascot,1099
twitter_strip_game_(meme),1099
qr_code,1098
cross_pasties,1097
clownfish,1096
holding_money,1094
two-tone_hoodie,1094
weightlifting,1093
green_sclera,1092
berry_(pokemon),1092
latex_legwear,1089
grey_tank_top,1089
hands_on_another's_hips,1089
christmas_present,1089
sitting_on_rock,1088
barefoot_sandals_(jewelry),1088
breasts_on_table,1087
coconut,1087
brick_floor,1086
ashford_academy_school_uniform,1086
green_pantyhose,1086
heart_maebari,1085
male_maid,1084
oohashi_high_school_uniform,1084
fumo_(doll),1083
rough_sex,1083
amplifier,1082
arm_cuffs,1082
hair_on_horn,1081
floral_print_kimono,1080
fake_nails,1080
pendulum,1080
between_toes,1079
ribbon-trimmed_headwear,1078
multiple_heads,1078
clown,1077
finger_heart,1077
logo_parody,1076
joestar_birthmark,1076
taimanin_suit,1075
jaguar_print,1075
adjusting_necktie,1074
butter,1074
multi-strapped_panties,1073
on_motorcycle,1072
medallion,1072
pussy_juice_drip_through_clothes,1072
holding_notebook,1072
ear_birthmark,1072
pool_of_blood,1071
hololive_idol_uniform,1071
yellow_raincoat,1070
sleep_bubble,1070
flower_over_eye,1069
cardigan_vest,1068
bridal_legwear,1068
cartoon_bone,1068
yellow-tinted_eyewear,1067
flaming_sword,1065
opened_by_self,1065
bean_bag_chair,1064
bunny_day,1064
tongs,1063
usekh_collar,1063
cross-laced_sleeves,1062
warning_sign,1061
green_tunic,1061
otter_ears,1060
affectionate,1059
pectoral_press,1059
green_tank_top,1058
windowsill,1058
beam_saber,1056
tail_around_own_leg,1056
white_romper,1055
strapless_one-piece_swimsuit,1054
stalk_in_mouth,1054
sitting_backwards,1053
implied_fellatio,1053
youtou_high_school_uniform,1053
long_earlobes,1052
panzer_iv,1051
baton_(conducting),1050
sauna,1049
narration,1049
vietnamese_dress,1045
dashed_eyes,1045
licking_armpit,1044
hole,1044
low-braided_long_hair,1044
long_neck,1043
arm_above_head,1043
linked_piercing,1043
very_wide_shot,1043
wheat,1042
dog_penis,1041
hoodie_lift,1041
bear_costume,1039
snowflake_background,1039
squeans,1039
grand_piano,1038
green_belt,1038
crotchless_pantyhose,1038
arms_between_legs,1037
acorn,1037
hammock,1037
dithering,1036
looking_through_legs,1036
omikuji,1035
snow_rabbit,1035
swinging,1035
galaxy,1035
centauroid,1035
holding_branch,1034
shorts_around_one_leg,1034
ad,1032
character_age,1032
aqua_neckerchief,1032
holding_remote_control,1032
eldritch_abomination,1031
nose_ring,1031
through_medium,1030
h&k_ump,1029
hair_dryer,1029
super_saiyan_1,1029
jacket_pull,1028
maneki-neko,1027
kissing_penis,1026
bound_together,1025
cross-laced_dress,1024
credits,1024
polka_dot_shirt,1024
infinity_symbol,1024
underbutt,1024
underpec,1024
fur_cloak,1024
holding_skull,1023
four-leaf_clover_hair_ornament,1022
bowlegged_pose,1022
deformed,1021
potara_earrings,1021
detached_hair,1021
animal_on_arm,1020
bag_of_chips,1020
grey_leotard,1018
messy_room,1017
glaive_(polearm),1017
print_necktie,1015
shell_necklace,1013
head_only,1013
zora,1013
ultra_ball,1013
height_chart,1011
holding_sex_toy,1011
cephalopod_eyes,1011
blue_bandana,1011
runny_makeup,1011
apron_lift,1010
long_beard,1010
orange_belt,1010
koi,1010
aurora,1010
white_lily,1008
kinchaku,1008
light_machine_gun,1007
animal_slippers,1007
camouflage_headwear,1007
licking_foot,1006
crocs,1006
jacket_over_swimsuit,1005
crumbs,1005
rope_belt,1005
polar_bear,1004
no_mask,1004
shoulder_sash,1004
symbolism,1003
star_ornament,1002
energy_cannon,1002
kiwi_(fruit),1001
onion,1001
checkered_sash,1001
fanning_self,1000
hands_on_ground,1000
yellow_sweater_vest,999
purple_cardigan,999
anchor_necklace,998
striped_hairband,997
ankle_grab,996
brown_bra,995
floating_card,994
nib_pen_(object),994
bike_shorts_under_shorts,994
facebook_username,993
stitched_mouth,992
gokkun,991
red_feathers,991
gymnastics,990
ears_visible_through_hair,989
stone_stairs,989
half_mask,989
note,989
print_sleeves,989
glowing_tattoo,989
green_scrunchie,988
tape_measure,987
duckling,987
thick_mustache,985
coin_on_string,984
gaming_chair,984
hand_on_leg,983
forehead_tattoo,983
clear_sky,983
bulletin_board,980
roundel,980
covered_testicles,980
argyle_sweater,980
sand_castle,979
hospital_gown,979
steak,979
pinned,977
diamond_hairband,977
onesie,976
rhodes_island_logo_(arknights),976
mmm_threesome,975
green_armband,975
splatter,974
hand_rest,973
double_\m/,973
shrimp_tempura,972
watching_television,972
two-tone_coat,971
cherry_hair_ornament,971
sukajan,971
ace_of_hearts,970
ink_(medium),969
platform_boots,968
floating_weapon,968
panicking,967
above_clouds,967
looking_at_food,967
striped_one-piece_swimsuit,966
electric_plug,966
extra_faces,966
hand_on_headphones,965
boy_sandwich,965
bear_tail,964
stripper,964
copy_ability,964
hitodama_print,963
v-shaped_eyes,962
rabbit_hat,961
track_and_field,961
energy_beam,960
testicle_sucking,960
anal_fluid,960
thick_beard,960
dwarf,960
paper_stack,960
yellow_border,960
martial_arts_belt,960
invisible_man,959
fur-trimmed_collar,959
shared_speech_bubble,958
paint_splatter_on_face,958
hands_on_another's_thighs,958
zodiac,957
hugging_tail,957
sports_bra_lift,957
hand_on_wall,956
game_boy,956
single_thigh_boot,955
teardrop_tattoo,954
heart_pendant,954
high_tops,953
sitting_on_table,953
plaid_bra,953
sleeve_grab,953
colored_text,952
no_mole,951
blood_bag,951
male_underwear_pull,951
oversized_limbs,951
missile_pod,951
print_hoodie,951
green-tinted_eyewear,950
dress_swimsuit,950
crane_game,950
flower_brooch,950
united_states,949
cum_in_container,948
triplets,948
cross-laced_legwear,947
popped_button,947
canopy_bed,947
minotaur,946
candlelight,946
salad,946
tumblr_username,946
finger_frame,945
on_roof,945
before_and_after,945
racecar,945
elvaan,944
radish,944
ornament,943
perfume_bottle,943
blue_shawl,943
butterfly_brooch,942
diamond_hair_ornament,941
white_sarong,940
precum_drip,940
cum_inflation,940
heart_on_chest,939
kamiyama_high_school_uniform_(project_sekai),939
green_one-piece_swimsuit,938
split_theme,938
purple_tongue,938
wavy_eyes,938
testicle_grab,938
shell_hair_ornament,937
grey_serafuku,936
lace-trimmed_thighhighs,936
crane_(animal),935
orange_cape,935
heart-shaped_eyes,935
american_flag_print,935
severed_limb,934
chain_headband,934
massage,933
holding_frying_pan,933
dirt,933
ghost_pose,933
orange_leotard,932
sling_bikini_top,932
spanish_text,932
kabuto_(helmet),931
planet_hair_ornament,931
hair_color_connection,930
mat,929
text_messaging,929
patchwork_clothes,929
ball_and_chain_restraint,928
hat_on_back,928
watermelon_slice,928
oversized_breast_cup,928
lap_pillow_invitation,928
holding_teapot,926
head_on_chest,926
pants_under_skirt,926
arm_between_legs,926
pearl_hair_ornament,926
hand_on_own_ear,923
unworn_bikini_bottom,923
popsicle_in_mouth,923
punk,922
milky_way,922
multicolored_hairband,922
wet_towel,921
drop-shaped_pupils,921
purple_serafuku,919
western_comics_(style),919
in_palm,919
implied_fingering,919
mitre,919
hand_over_eye,919
frilled_jacket,919
license_plate,918
breaking,918
penis_on_ass,918
two-finger_salute,918
aqua_bra,918
blue_pajamas,918
moth,918
smoke_trail,918
beetle,917
cheekbones,916
polka_dot_ribbon,916
ribbon_braid,916
red_curtains,916
peony_(flower),915
halter_shirt,915
red_sports_bra,915
zeon,915
shotgun_shell,915
crocodilian,914
nudist,914
meta,913
sideless_kimono,913
single_knee_pad,912
long_shirt,911
whiskey,911
v_over_mouth,911
maid_day,911
multiple_scars,911
apartment,910
segmented_comic,910
fidgeting,909
adam's_apple,908
saliva_drip,908
cross-laced_slit,908
hand_on_another's_hand,907
syrup,907
orange_socks,907
cream_on_face,907
joy-con,907
flag_background,906
sam_browne_belt,906
satin_panties,906
embroidery,905
pov_across_table,904
hand_on_another's_ear,904
fishing_line,904
onii-shota,904
ivy,903
pink_umbrella,903
imperial_japanese_army,903
broken_window,902
double_horizontal_stripe,901
sticky_note,901
jetpack,901
two-sided_skirt,901
genderswap_(otf),900
blue_umbrella,899
legband,899
track_uniform,899
musical_note_print,898
off-shoulder_one-piece_swimsuit,897
holding_wrench,896
hollow_eyes,896
holding_another's_leg,895
pineapple,895
goat,894
wizard,894
soap_bottle,893
decapitation,893
unworn_eyepatch,893
hooded_dress,893
nipple_pull,892
negative_space,891
crawling,891
floating_book,891
guard_rail,891
rabbit_costume,891
seal_(animal),891
hakurei_shrine,890
holding_riding_crop,890
skeleton_print,890
pectoral_focus,890
tokyo_(city),890
wataboushi,889
huge_dildo,889
glove_biting,888
st._theresa's_girls_academy_school_uniform,888
age_comparison,887
self_hug,887
baby_bottle,887
st._chronica_academy_school_uniform,886
food_on_breasts,885
flying_paper,885
breast_milk,884
chocolate_cake,884
pinstripe_suit,884
green_cloak,884
spaceship_hair_ornament,884
bowler_hat,883
joystick,882
pump_action,882
box_art,882
pegasus_knight_uniform_(fire_emblem),882
green_eyeshadow,882
orange_rose,882
teeth_hold,881
mesugaki,881
wallpaper_(object),881
sadism,881
cat_bag,880
cracked_floor,879
lipgloss,879
bandaged_wrist,878
holding_swimsuit,878
mast,878
implied_kiss,877
tag,877
spiked_hairband,877
glass_bottle,876
coat_dress,876
black_sky,876
inkwell,875
jester,874
holomyth,874
pubic_stubble,873
long_nose,872
stopwatch,872
shoulder_belt,872
holding_footwear,872
holding_toy,871
food_art,871
roots,871
pokemon_move,871
hugging_book,870
brown_border,870
nissin_cup_noodle,870
vignetting,870
marshmallow,869
half-skirt,869
glock,868
fast_food,868
orange_jumpsuit,868
flower_in_eye,868
midriff_sarashi,867
red_track_suit,867
k-pop,867
speaking_tube_headset,867
cum_on_eyewear,866
grey_suit,866
hooded_vest,866
miyamasuzaka_girls'_academy_school_uniform,866
scylla,865
bathrobe,863
mole_on_body,863
spoiler_(automobile),863
holding_fireworks,862
sequential,860
coif,860
alternate_pectoral_size,860
chained_wrists,859
hogwarts_school_uniform,858
throwing_knife,858
prototype_design,858
bikini_shorts,858
bow_skirt,858
side-tie_peek,858
groom,857
tweaking_own_nipple,857
bralines,857
blue_camisole,856
gauze,855
striped_coat,855
holding_with_feet,854
pizza_box,854
pelt,854
chaldea_logo,854
unfastened,853
merchandise,853
greek_toe,853
black_armband,853
bird_print,851
shared_object_insertion,851
hanging_plant,851
bee,851
hand_on_glass,851
vertical-striped_socks,850
used_condom_on_penis,850
plaid_ribbon,850
sparse_stubble,850
...?,850
webbed_hands,850
contrast,850
virgin_destroyer_sweater,850
skull_ornament,849
isometric,848
holding_test_tube,848
otter,848
volleyball_net,847
fat_rolls,847
cola,846
glory_wall,846
weapon_case,846
lowleg_skirt,845
fur-trimmed_shirt,845
missing_limb,845
lightning_bolt_print,845
studded_collar,844
hospital,843
holding_mop,843
headlight,843
bear_boy,843
toggles,842
blue_tabard,842
gao,842
holly_hair_ornament,842
pendant_watch,841
chrysanthemum,841
menu_board,841
mismatched_sclera,841
swiss_roll,840
prostration,840
mutual_masturbation,840
exercise_ball,840
lyre,840
horseshoe,840
lillian_girls'_academy_school_uniform,839
emotionless_sex,839
armpit_sex,839
covering_one_breast,839
suicide,839
infirmary,839
folded_hair,839
vertical-striped_pants,839
implied_masturbation,838
shrugging,838
model_kit,838
pig_ears,838
metal_skin,838
crowbar,837
first_aid_kit,837
blood_on_leg,837
stained_clothes,837
high-low_skirt,837
sitting_on_shoulder,836
gun_to_head,836
seatbelt,836
christmas_stocking,836
on_railing,835
pumpkin_hat,835
hand_wraps,835
belt_skirt,834
crotch_grab,834
silver_dress,834
hexagon_print,834
lace-trimmed_choker,833
brown_mittens,833
shiny_and_normal,833
drugged,832
hanami,832
duel_disk,832
rei_no_pool,832
blue_hood,832
naked_cloak,831
one-piece_thong,831
black_bandeau,831
paralyzer,831
eye_black,831
orange_goggles,831
crt,830
warrior,830
ice_cream_float,830
fingersmile,830
fishnet_socks,830
purple_collar,829
flower_choker,829
elbow_sleeve,828
masu,828
holding_heart,828
kousaka_kirino's_school_uniform,828
cut_bangs,828
hook,827
tamagoyaki,827
portal_(object),827
pocky_in_mouth,826
grey_apron,826
raccoon,825
2008,825
jiangshi_costume,825
cigarette_pack,824
cellphone_charm,824
tribal_tattoo,824
easter,824
mizu_happi,823
fist_bump,823
rubber_gloves,823
red_cardigan,823
eye_reflection,822
holding_coin,822
crazy_straw,822
mole_under_each_eye,822
simulated_fellatio,821
holding_microphone_stand,821
clock_eyes,821
reptile_girl,820
holding_chain,820
restroom,819
beretta_92,818
wrong_foot,818
protecting,818
stuffed_penguin,818
converse,818
thong_aside,818
gesugao,817
black_male_swimwear,817
index_fingers_raised,817
qingxin_flower,817
censored_text,816
hair_between_breasts,815
pelvic_curtain_lift,815
toilet_stall,814
alternate_hair_ornament,814
jungle,813
food_bite,813
unworn_necktie,813
mutual_hug,812
2007,812
lying_on_lap,812
multiple_torii,811
brown_neckerchief,811
hand_on_floor,811
red_suit,810
red_robe,810
strapless_bottom,809
wing_brooch,809
diagonal-striped_bowtie,809
licking_ear,808
miku_day,808
holding_drumsticks,808
flower_in_mouth,807
dorsiflexion,807
braiding_hair,807
aqua_kimono,807
hexagon_hair_ornament,807
vertical-striped_kimono,806
stitched_arm,806
pink_sash,805
cuff_links,805
determined,805
checkered_dress,805
ornate_border,805
tri_braids,805
animal_ear_hairband,805
pastry_bag,804
nyan,804
measuring,804
standard_bearer,804
folder,803
roasted_sweet_potato,803
<|>_<|>,803
grey_bowtie,803
flying_teardrops,802
soft_serve,802
clothed_male_nude_male,802
temple,802
4others,802
toe_cleavage,802
antique_phone,801
yellow_camisole,801
penis_over_eyes,800
bamboo_shoot,799
pointing_forward,799
solid_circle_pupils,798
prank,798
loaded_interior,798
cat_mask,798
penis_to_breast,797
mannequin,797
pink_gemstone,796
crotch_zipper,795
shippou_(pattern),795
blob,795
medieval,795
shirt_overhang,795
anemone_(flower),794
incoming_hug,794
igote,794
projectile_lactation,793
carapace,792
spoken_food,791
stuffed_dog,790
animal_on_hand,790
holding_shirt,789
unworn_shorts,788
prison,788
casino,788
curly_eyebrows,788
riding_bicycle,787
star-shaped_eyewear,787
white_stripes,786
chikan,786
clothes_pin,786
kuji-in,785
cauldron,785
holed_coin,785
cat_on_shoulder,784
storm,784
self-harm,784
finger_to_another's_mouth,783
sky_print,783
orange_headband,783
scouter,783
sainan_high_school_uniform,783
intestines,782
ashtray,782
brown_flower,781
handprint,781
holding_cake,781
stakes_of_purgatory,781
cargo_pants,780
heart_(organ),780
shimokitazawa_high_school_uniform,780
hands_on_another's_chest,779
carrying_bag,779
removing_jacket,779
frilled_umbrella,778
nail_bat,778
scratching_head,778
chuunibyou,778
bloodshot_eyes,777
green_horns,777
glitter,776
holding_suitcase,776
beer_bottle,776
green_headband,776
micro_bra,776
ace_of_spades,775
bipod,775
no_feet,775
motosu_school_uniform,775
horn_grab,774
golden_arms,774
crisis_management_form_(machimazo),774
shamoji,773
walther,773
brown_serafuku,773
math,773
red_nose,773
holding_leg,773
animal_head,773
black_scales,773
bust_cup,772
covered_clitoris,772
bulging_eyes,772
object_on_breast,772
dream_soul,772
nebula,771
gold_coin,771
panda_hood,771
elevator,770
taut_swimsuit,770
deer_tail,770
purple_butterfly,770
lolidom,769
aqua_leotard,769
bathhouse,769
laundry_basket,769
double_amputee,769
broccoli,769
little_red_riding_hood_(grimm)_(cosplay),769
fur_cuffs,768
broken_armor,768
through_screen,768
wakamezake,767
glowing_hand,767
panties_under_shorts,767
weasel_girl,767
brown_lips,767
arm_around_back,766
hand_on_table,766
white_sky,766
dilation_tape,766
arm_on_knee,766
maple_leaf_print,766
kanba_girls_high_school_uniform,766
cabbage,765
listening_to_music,765
power_connection,765
lifebuoy_ornament,765
exploding_clothes,764
right-over-left_kimono,764
holding_creature,764
floating_rock,764
stiletto_(weapon),764
window_(computing),763
clawed_gauntlets,763
canned_coffee,763
dogeza,763
glass_shards,763
nipple_chain,762
camisole_lift,762
frilled_headwear,761
cable_tail,761
chess,761
red_male_underwear,761
exposed_pocket,761
combat_knife,760
two-sided_coat,760
materia,759
firelock,759
volcano,759
village,759
trophy,759
fingering_through_panties,758
dotted_background,758
eel,757
paizuri_invitation,757
safety_glasses,756
holding_fish,755
front_slit,755
multitasking,754
flippers,754
honda,754
leopard_girl,754
wing_ears,753
smartphone_case,753
kariyushi_shirt,753
knives_between_fingers,752
broken_sword,752
policeman,752
spade_hair_ornament,752
white_halo,752
male_underwear_peek,752
hand_focus,751
fitting_room,751
carton,751
cash_register,751
unworn_jewelry,751
hanging_light,751
leotard_peek,749
makeup_brush,749
caliburn_(fate),748
neck_garter,748
foot_worship,748
fried_chicken,748
weasel_tail,748
blue_suit,748
cross-laced_top,748
koishi_day,748
table_humping,747
whiteboard,747
holding_photo,747
vehicle_and_personification,747
bolt,747
compass,746
youkai_(youkai_watch),746
2b_(nier:automata)_(cosplay),746
hunched_over,745
holding_pole,745
jacket_lift,745
fish_bone,744
drowning,744
holding_shovel,743
marriage_proposal,743
backless_swimsuit,743
gag_harness,743
tickling_armpits,743
jam,742
chili_pepper,742
trash,742
rust,742
low-cut_armhole,742
propeller_hair_ornament,742
merman,741
runny_nose,741
sprinkles,741
fake_magazine_cover,741
against_fourth_wall,741
wide_oval_eyes,740
holding_cross,740
sexual_coaching,740
craft_essence_(fate),740
otter_tail,740
interior,739
gumroad_username,739
lime_(fruit),738
amestris_military_uniform,738
cobblestone,738
cupboard,738
canteen,738
taut_leotard,738
cork,737
phoenix,737
after_masturbation,737
o-ring_swimsuit,737
dorsal_fin,737
flying_fish,737
wind_turbine,736
pom_pom_earrings,736
checkered_bow,736
multiple_hairpins,736
record,735
smelling_clothes,735
light_brown_background,735
lance_of_longinus_(evangelion),735
studded_choker,735
red_bandeau,735
croissant,735
jolly_roger,735
red_trim,734
mechanic,734
covering_another's_mouth,734
single_garter_strap,734
lane_line,733
brain,733
humping,733
fruit_hat_ornament,733
ski_goggles,733
starfish_hair_ornament,733
hand_on_own_forehead,732
holding_briefcase,732
brown_sash,732
orca,732
urinal,732
van,732
layered_kimono,732
o-ring_belt,732
striped_vest,732
like_and_retweet,732
green_cardigan,731
aqua_hairband,731
square,731
entangled,731
billboard,731
yellow_gemstone,731
plate_carrier,731
surfing,730
police_car,730
crystal_wings,730
limiter_(tsukumo_sana),730
fern,729
bear_hood,729
war_hammer,728
coffee_pot,728
holding_bra,728
sauce,728
throat_microphone,728
detached_leggings,728
shopping_cart,727
half-erect,727
ticket,727
paw_print_pattern,727
invisible,726
congratulations,726
star_wand,726
object_head,726
yumi_(bow),725
m16,725
on_scooter,725
kanshou_&_bakuya_(fate),724
chocolate_making,724
carousel,723
wet_skirt,723
body_switch,723
depressed,723
multicolored_tail,723
holding_another's_foot,723
walker_(robot),723
gradient_wings,723
down_jacket,723
rabbit_on_head,723
giant_male,723
meteor_shower,722
kissing_neck,722
raspberry,721
holding_scroll,721
twintails_day,721
rhine_lab_logo,721
pink_tank_top,720
kadomatsu,720
microwave,720
looking_at_hand,720
yellow_one-piece_swimsuit,719
white_bandeau,719
paint_can,719
musket,719
monk,719
shield_on_back,719
facing_up,719
black_tube_top,718
white_pubic_hair,718
scoop_neck,718
female_goblin,718
purple_pupils,717
graduation,717
covering_another's_eyes,717
ligne_claire,717
accident,716
handshake,716
torn_wings,716
kono_lolicon_domome,716
weights,716
temari_ball,716
red_wine,716
yellow_pantyhose,715
super_saiyan_4,715
wafer_stick,715
condensation,715
originium_arts_(arknights),715
sitting_sideways,714
fading,714
surrounded,714
bandaged_fingers,714
ahoge_wag,714
bindi,713
black_hood,712
hand_on_ground,712
container,712
glansjob,712
black_veil,712
child_carry,712
ak-47,711
head_on_head,711
pitcher_(container),711
coin_purse,711
leaf_background,711
transparent_censoring,711
hakama_shorts,711
moose_ears,711
josou_seme,710
stuffed_panda,710
police_badge,710
translucent,710
fishnet_bodysuit,710
cutting,710
pointy_hat,710
fur_jacket,710
dollar_sign,709
curled_up,709
bandaid_on_neck,708
railroad_crossing,707
black_vs_white,707
circle_formation,706
holding_surfboard,706
bridal_lingerie,706
handjob_gesture,706
hat_belt,706
team_skull,706
overall_skirt,705
bc_freedom_school_uniform,705
hair_over_one_breast,704
arm_over_head,704
red_star,704
sweater_pull,704
holding_map,704
masked,704
haneoka_school_uniform,704
cello,703
disguise,703
scalpel,703
holographic_monitor,703
knife_sheath,703
rotary_phone,703
pantyhose_under_swimsuit,702
whip_sword,702
grabbing_another's_ear,702
wanted,701
pawn_(chess),701
print_swimsuit,700
popsicle_stick,699
face_in_pillow,699
karate_gi,699
unworn_goggles,699
after_bathing,699
anti-aircraft,699
nipple_cutout,699
country_connection,699
starlight_academy_school_uniform,699
weapon_bag,698
flailing,698
sky_lantern,698
chessboard,697
frontless_outfit,697
armored_leotard,697
travel_attendant,696
shoulder_plates,696
ribbed_thighhighs,695
band,694
forked_tail,694
lightning_bolt_hair_ornament,694
undone_neck_ribbon,693
shoulder_guard,693
hedgehog_tail,693
digital_clock,692
lop_rabbit_ears,692
closet,692
cassock,692
metamoran_vest,692
normal_suit,692
checkered_legwear,692
sparse_chest_hair,692
see-through_swimsuit,691
saury,691
holding_necklace,690
chakram,690
panties_over_pantyhose,690
orange_bra,689
blood_on_bandages,689
pink_horns,689
meadow,688
remembering,688
saint_quartz_(fate),688
vertical_foregrip,687
calligraphy,687
adjusting_scarf,687
scratching_cheek,687
layered_shirt,687
emoticon,686
bird_on_arm,686
pokemon_ears,686
paint_on_clothes,686
scar_on_hand,686
blue_outline,684
green_feathers,684
unworn_bikini,684
pink_sports_bra,683
tape_on_nipples,683
casting_spell,682
adjusting_buruma,682
playground,682
rice_paddy,681
noses_touching,681
side-tie_shirt,681
green_rose,680
torn_coat,680
beach_mat,680
baton_(weapon),679
ai_ai_gasa,679
rash_guard,679
poke_ball_(legends),679
ankle_bow,678
covering_own_ears,678
bridle,678
mtu_virus,678
bird_boy,678
butterfly_tattoo,677
bandaid_on_head,677
fur-trimmed_bikini,676
implied_extra_ears,676
amusement_park,676
hat_tassel,676
crosshatching,675
hand_over_face,675
hogtie,675
coconut_tree,675
argyle_cutout,675
cross-laced_skirt,675
fruit_on_head,675
fruit_cup,675
height,675
starry_hair,675
sparkle_hair_ornament,675
too_literal,674
suspenders_slip,674
cow_costume,673
fried_rice,673
drum_magazine,673
anti-aircraft_gun,673
pregnancy_test,673
penis_shadow,673
blood_on_ground,672
multicolored_leotard,672
white_garter_belt,672
holding_toothbrush,672
toga,671
red_carpet,670
holding_lipstick_tube,670
multi-strapped_bikini_top,670
mg42,669
nipple-to-nipple,669
pushing_away,669
spoken_expression,669
ainu,669
holding_with_tail,668
white_wristband,668
long_ribbon,668
shogi,667
green_fire,667
facing_down,667
senbei,666
dawn,666
purple_robe,666
turtleneck_jacket,666
rice_hat,665
bacon,665
washing_hair,665
dark_clouds,665
forced_smile,664
shared_earphones,664
banana_peel,664
mole_on_arm,664
holding_mirror,664
two-sided_cloak,664
refraction,663
corsage,663
black_outline,662
anchor_earrings,662
wrapped_candy,662
gingham,661
sweet_lolita,661
asymmetrical_sidelocks,661
lying_on_water,661
side-tie_skirt,661
print_scarf,661
green_collar,661
sweater_tucked_in,661
bc_freedom_(emblem),661
square_neckline,660
mini_witch_hat,659
holding_key,659
baking,658
on_stool,658
oar,658
nipple_jewelry,658
holding_torch,658
holding_plectrum,657
jug_(bottle),657
white_tube_top,657
unworn_hair_ornament,656
holding_magnifying_glass,656
single_off_shoulder,656
meandros,654
stained_sheets,654
arm_across_waist,654
torn_cloak,654
heart_hair,654
audio_jack,654
oven,653
kittysuit,652
soy_sauce,651
shirt_around_waist,651
;(,651
arthropod_boy,651
hieroglyphics,651
rural,651
piano_keys,651
sailor_swimsuit_(idolmaster),651
market_stall,650
detached_ahoge,650
ankle_garter,649
fusuma,649
package,649
feet_on_chair,648
singlet,648
large_ears,647
sailor_collar_lift,646
aviator_cap,646
aqua_shorts,646
monkey_boy,646
flying_button,645
race_bib,645
ambiguous_red_liquid,645
sewing_needle,645
holding_newspaper,644
female_service_cap,643
covering_with_blanket,642
moth_girl,642
rag,641
ankleband,641
shampoo_bottle,641
black_babydoll,640
tucked_penis,640
multiple_bracelets,640
kin-iro_mosaic_high_school_uniform,640
holding_bell,639
blue_male_underwear,638
side_cape,638
hand_grip,637
inset_border,636
glove_bow,635
green_serafuku,635
claw_foot_bathtub,635
unworn_thighhighs,635
rooster,634
poi,631
ribbed_socks,628
dress_shoes,628
vertical-striped_shorts,627
blue_sweater_vest,626
polearm_behind_back,624
fur-trimmed_thighhighs,623
streetwear,611
